{"loss": 8.724185049533844, "_timestamp": 1709521616.415046, "_runtime": 142.828458070755, "_step": 42, "_wandb": {"runtime": 139}}