{"loss": 11.945856869220734, "_timestamp": 1709522715.2571213, "_runtime": 54.26849031448364, "_step": 15, "_wandb": {"runtime": 51}}