{"loss": 11.945856869220734, "_timestamp": 1709522582.7572212, "_runtime": 50.71160125732422, "_step": 15, "_wandb": {"runtime": 48}}