{"loss": 1.3726165145635605, "_timestamp": 1709523582.0691414, "_runtime": 767.4523782730103, "_step": 130, "_wandb": {"runtime": 763}}